<AppTemplateInfo>
  <AppResourceInfo Name="Windows Server 2016 Datacenter">
    <AppResources>
      <AppResource Driver="" ModelName="Generic App Model">
        <Attributes>
          <Attribute Name="Password" Value="kkt2PIbJZNQ/wjhDejKUkA==" />
          <Attribute Name="Public IP" Value="" />
          <Attribute Name="User" Value="" />
        </Attributes>
      </AppResource>
    </AppResources>
    <DeploymentPaths>
      <DeploymentPath Default="false" Name="Azure_westeurope - Azure VM From Marketplace">
        <DeploymentService CloudProvider="Azure_westeurope" Name="Azure VM From Marketplace">
          <Attributes>
            <Attribute Name="VM Size" Value="Standard_DS1_v2" />
            <Attribute Name="Autoload" Value="True" />
            <Attribute Name="Add Public IP" Value="True" />
            <Attribute Name="Extension Script file" Value="https://raw.githubusercontent.com/ansible/ansible/devel/examples/scripts/ConfigureRemotingForAnsible.ps1" />
            <Attribute Name="Extension Script Configurations" Value="" />
            <Attribute Name="Public IP Type" Value="Dynamic" />
            <Attribute Name="Inbound Ports" Value="" />
            <Attribute Name="Image Publisher" Value="MicrosoftWindowsServer" />
            <Attribute Name="Image Offer" Value="WindowsServer" />
            <Attribute Name="Image SKU" Value="2016-Datacenter" />
            <Attribute Name="Image Version" Value="latest" />
          </Attributes>
        </DeploymentService>
      </DeploymentPath>
    </DeploymentPaths>
  </AppResourceInfo>
  <Categories>
    <Category>OS Images</Category>
  </Categories>
</AppTemplateInfo>