<AppTemplateInfo>
  <AppResourceInfo ImagePath="Centos.png" Name="CentOS 7">
    <AppResources>
      <AppResource Driver="" ModelName="Generic App Model">
        <Attributes>
          <Attribute Name="Password" Value="" />
          <Attribute Name="Public IP" Value="" />
          <Attribute Name="User" Value="" />
        </Attributes>
      </AppResource>
    </AppResources>
    <DeploymentPaths>
      <DeploymentPath Default="true" Name="AWS EC2_us-west-1 - AWS EC2 Instance">
        <DeploymentService CloudProvider="AWS EC2_us-west-1" Name="AWS EC2 Instance">
          <Attributes>
            <Attribute Name="AWS AMI Id" Value="ami-af4333cf" />
            <Attribute Name="Instance Type" Value="t2.nano" />
            <Attribute Name="Storage Size" Value="0" />
            <Attribute Name="Storage IOPS" Value="0" />
            <Attribute Name="Storage Type" Value="auto" />
            <Attribute Name="Inbound Ports" Value="" />
            <Attribute Name="Outbound Ports" Value="" />
            <Attribute Name="Wait for IP" Value="False" />
            <Attribute Name="Wait for Status Check" Value="False" />
            <Attribute Name="Autoload" Value="True" />
            <Attribute Name="Wait for Credentials" Value="True" />
            <Attribute Name="Add Public IP" Value="True" />
            <Attribute Name="Root Volume Name" Value="" />
            <Attribute Name="Allocate Elastic IP" Value="False" />
          </Attributes>
        </DeploymentService>
      </DeploymentPath>
    </DeploymentPaths>
  </AppResourceInfo>
  <Categories>
    <Category>OS Images</Category>
  </Categories>
</AppTemplateInfo>