<AppTemplateInfo>
  <AppResourceInfo Name="CentOS 7.2">
    <AppResources>
      <AppResource Driver="" ModelName="Generic App Model">
        <Attributes>
          <Attribute Name="Password" Value="kkt2PIbJZNQ/wjhDejKUkA==" />
          <Attribute Name="Public IP" Value="" />
          <Attribute Name="User" Value="" />
        </Attributes>
      </AppResource>
    </AppResources>
    <DeploymentPaths>
      <DeploymentPath Default="false" Name="Azure_northcentralus - Azure VM From Marketplace">
        <DeploymentService CloudProvider="Azure_northcentralus" Name="Azure VM From Marketplace">
          <Attributes>
            <Attribute Name="VM Size" Value="Basic_A0" />
            <Attribute Name="Instance Type" Value="" />
            <Attribute Name="Wait for IP" Value="False" />
            <Attribute Name="Autoload" Value="True" />
            <Attribute Name="Add Public IP" Value="True" />
            <Attribute Name="Extension Script file" Value="" />
            <Attribute Name="Extension Script Configurations" Value="" />
            <Attribute Name="Public IP Type" Value="Dynamic" />
            <Attribute Name="Inbound Ports" Value="" />
            <Attribute Name="Image Publisher" Value="OpenLogic" />
            <Attribute Name="Image Offer" Value="CentOS" />
            <Attribute Name="Image SKU" Value="7.2" />
            <Attribute Name="Image Version" Value="latest" />
          </Attributes>
        </DeploymentService>
      </DeploymentPath>
    </DeploymentPaths>
  </AppResourceInfo>
  <Categories>
    <Category>OS Images</Category>
  </Categories>
</AppTemplateInfo>