<?xml version="1.0" encoding="utf-8"?>
<CategoryList xmlns:xsd="http://www.w3.org/2001/XMLSchema" xmlns:xsi="http://www.w3.org/2001/XMLSchema-instance" xmlns="http://schemas.qualisystems.com/ResourceManagement/CategorySchema.xsd">
  <Category Name="OS Images" Description="" Catalog="Service">
    <ChildCategories />
  </Category>
  <Category Name="Database Servers" Description="" Catalog="Service">
    <ChildCategories />
  </Category>
  <Category Name="Web Servers" Description="" Catalog="Service">
    <ChildCategories />
  </Category>
  <Category Name="App Servers" Description="" Catalog="Service">
    <ChildCategories />
  </Category>
</CategoryList>